Feature1,Feature2
5.4881350392732475,7.917250380826646
7.151893663724195,5.288949197529044
6.027633760716439,5.680445610939323
5.448831829968968,9.25596638292661
4.236547993389047,0.7103605819788694
6.458941130666561,0.8712929970154071
4.375872112626925,0.2021839744032572
8.917730007820797,8.32619845547938
9.636627605010293,7.781567509498505
3.8344151882577773,8.700121482468191
